[{"__symbolic":"module","version":3,"metadata":{"coreDirectives":{"__symbolic":"function","parameters":[],"value":[{"__symbolic":"reference","module":"./directives/map","name":"AgmMap"},{"__symbolic":"reference","module":"./directives/marker","name":"AgmMarker"},{"__symbolic":"reference","module":"./directives/info-window","name":"AgmInfoWindow"},{"__symbolic":"reference","module":"./directives/circle","name":"AgmCircle"},{"__symbolic":"reference","module":"./directives/polygon","name":"AgmPolygon"},{"__symbolic":"reference","module":"./directives/polyline","name":"AgmPolyline"},{"__symbolic":"reference","module":"./directives/polyline-point","name":"AgmPolylinePoint"},{"__symbolic":"reference","module":"./directives/kml-layer","name":"AgmKmlLayer"},{"__symbolic":"reference","module":"./directives/data-layer","name":"AgmDataLayer"}]},"AgmCoreModule":{"__symbolic":"class","decorators":[{"__symbolic":"call","expression":{"__symbolic":"reference","module":"@angular/core","name":"NgModule"},"arguments":[{"declarations":{"__symbolic":"call","expression":{"__symbolic":"reference","name":"coreDirectives"}},"exports":{"__symbolic":"call","expression":{"__symbolic":"reference","name":"coreDirectives"}}}]}],"statics":{"forRoot":{"__symbolic":"function","parameters":["lazyMapsAPILoaderConfig"],"value":{"ngModule":{"__symbolic":"reference","name":"AgmCoreModule"},"providers":[{"__symbolic":"spread","expression":{"__symbolic":"reference","module":"./utils/browser-globals","name":"BROWSER_GLOBALS_PROVIDERS"}},{"provide":{"__symbolic":"reference","module":"./services/maps-api-loader/maps-api-loader","name":"MapsAPILoader"},"useClass":{"__symbolic":"reference","module":"./services/maps-api-loader/lazy-maps-api-loader","name":"LazyMapsAPILoader"}},{"provide":{"__symbolic":"reference","module":"./services/maps-api-loader/lazy-maps-api-loader","name":"LAZY_MAPS_API_CONFIG"},"useValue":{"__symbolic":"reference","name":"lazyMapsAPILoaderConfig"}}]}}}}}},{"__symbolic":"module","version":1,"metadata":{"coreDirectives":{"__symbolic":"function","parameters":[],"value":[{"__symbolic":"reference","module":"./directives/map","name":"AgmMap"},{"__symbolic":"reference","module":"./directives/marker","name":"AgmMarker"},{"__symbolic":"reference","module":"./directives/info-window","name":"AgmInfoWindow"},{"__symbolic":"reference","module":"./directives/circle","name":"AgmCircle"},{"__symbolic":"reference","module":"./directives/polygon","name":"AgmPolygon"},{"__symbolic":"reference","module":"./directives/polyline","name":"AgmPolyline"},{"__symbolic":"reference","module":"./directives/polyline-point","name":"AgmPolylinePoint"},{"__symbolic":"reference","module":"./directives/kml-layer","name":"AgmKmlLayer"},{"__symbolic":"reference","module":"./directives/data-layer","name":"AgmDataLayer"}]},"AgmCoreModule":{"__symbolic":"class","decorators":[{"__symbolic":"call","expression":{"__symbolic":"reference","module":"@angular/core","name":"NgModule"},"arguments":[{"declarations":{"__symbolic":"call","expression":{"__symbolic":"reference","name":"coreDirectives"}},"exports":{"__symbolic":"call","expression":{"__symbolic":"reference","name":"coreDirectives"}}}]}],"statics":{"forRoot":{"__symbolic":"function","parameters":["lazyMapsAPILoaderConfig"],"value":{"ngModule":{"__symbolic":"reference","name":"AgmCoreModule"},"providers":[{"__symbolic":"spread","expression":{"__symbolic":"reference","module":"./utils/browser-globals","name":"BROWSER_GLOBALS_PROVIDERS"}},{"provide":{"__symbolic":"reference","module":"./services/maps-api-loader/maps-api-loader","name":"MapsAPILoader"},"useClass":{"__symbolic":"reference","module":"./services/maps-api-loader/lazy-maps-api-loader","name":"LazyMapsAPILoader"}},{"provide":{"__symbolic":"reference","module":"./services/maps-api-loader/lazy-maps-api-loader","name":"LAZY_MAPS_API_CONFIG"},"useValue":{"__symbolic":"reference","name":"lazyMapsAPILoaderConfig"}}]}}}}}}]