[{"__symbolic":"module","version":3,"metadata":{},"exports":[{"from":"./directives/map","export":["AgmMap"]},{"from":"./directives/circle","export":["AgmCircle"]},{"from":"./directives/info-window","export":["AgmInfoWindow"]},{"from":"./directives/kml-layer","export":["AgmKmlLayer"]},{"from":"./directives/data-layer","export":["AgmDataLayer"]},{"from":"./directives/marker","export":["AgmMarker"]},{"from":"./directives/polygon","export":["AgmPolygon"]},{"from":"./directives/polyline","export":["AgmPolyline"]},{"from":"./directives/polyline-point","export":["AgmPolylinePoint"]}]},{"__symbolic":"module","version":1,"metadata":{},"exports":[{"from":"./directives/map","export":["AgmMap"]},{"from":"./directives/circle","export":["AgmCircle"]},{"from":"./directives/info-window","export":["AgmInfoWindow"]},{"from":"./directives/kml-layer","export":["AgmKmlLayer"]},{"from":"./directives/data-layer","export":["AgmDataLayer"]},{"from":"./directives/marker","export":["AgmMarker"]},{"from":"./directives/polygon","export":["AgmPolygon"]},{"from":"./directives/polyline","export":["AgmPolyline"]},{"from":"./directives/polyline-point","export":["AgmPolylinePoint"]}]}]