[{"__symbolic":"module","version":3,"metadata":{},"exports":[{"from":"./directives"},{"from":"./services"},{"from":"./map-types"},{"from":"./services/google-maps-types","export":["LatLngBounds","LatLng","LatLngLiteral","MapTypeStyle","PolyMouseEvent"]},{"from":"./core.module","export":["AgmCoreModule"]}]},{"__symbolic":"module","version":1,"metadata":{},"exports":[{"from":"./directives"},{"from":"./services"},{"from":"./map-types"},{"from":"./services/google-maps-types","export":["LatLngBounds","LatLng","LatLngLiteral","MapTypeStyle","PolyMouseEvent"]},{"from":"./core.module","export":["AgmCoreModule"]}]}]