[{"__symbolic":"module","version":3,"metadata":{"MouseEvent":{"__symbolic":"interface"}},"exports":[{"from":"./services/google-maps-types","export":["KmlMouseEvent","DataMouseEvent","LatLngBounds","LatLngBoundsLiteral","LatLngLiteral","PolyMouseEvent"]}]},{"__symbolic":"module","version":1,"metadata":{"MouseEvent":{"__symbolic":"interface"}},"exports":[{"from":"./services/google-maps-types","export":["KmlMouseEvent","DataMouseEvent","LatLngBounds","LatLngBoundsLiteral","LatLngLiteral","PolyMouseEvent"]}]}]