[{"__symbolic":"module","version":3,"metadata":{},"exports":[{"from":"./services/google-maps-api-wrapper","export":["GoogleMapsAPIWrapper"]},{"from":"./services/managers/circle-manager","export":["CircleManager"]},{"from":"./services/managers/info-window-manager","export":["InfoWindowManager"]},{"from":"./services/managers/marker-manager","export":["MarkerManager"]},{"from":"./services/managers/polygon-manager","export":["PolygonManager"]},{"from":"./services/managers/polyline-manager","export":["PolylineManager"]},{"from":"./services/managers/kml-layer-manager","export":["KmlLayerManager"]},{"from":"./services/managers/data-layer-manager","export":["DataLayerManager"]},{"from":"./services/maps-api-loader/lazy-maps-api-loader","export":["GoogleMapsScriptProtocol","LAZY_MAPS_API_CONFIG","LazyMapsAPILoader","LazyMapsAPILoaderConfigLiteral"]},{"from":"./services/maps-api-loader/maps-api-loader","export":["MapsAPILoader"]},{"from":"./services/maps-api-loader/noop-maps-api-loader","export":["NoOpMapsAPILoader"]}]},{"__symbolic":"module","version":1,"metadata":{},"exports":[{"from":"./services/google-maps-api-wrapper","export":["GoogleMapsAPIWrapper"]},{"from":"./services/managers/circle-manager","export":["CircleManager"]},{"from":"./services/managers/info-window-manager","export":["InfoWindowManager"]},{"from":"./services/managers/marker-manager","export":["MarkerManager"]},{"from":"./services/managers/polygon-manager","export":["PolygonManager"]},{"from":"./services/managers/polyline-manager","export":["PolylineManager"]},{"from":"./services/managers/kml-layer-manager","export":["KmlLayerManager"]},{"from":"./services/managers/data-layer-manager","export":["DataLayerManager"]},{"from":"./services/maps-api-loader/lazy-maps-api-loader","export":["GoogleMapsScriptProtocol","LAZY_MAPS_API_CONFIG","LazyMapsAPILoader","LazyMapsAPILoaderConfigLiteral"]},{"from":"./services/maps-api-loader/maps-api-loader","export":["MapsAPILoader"]},{"from":"./services/maps-api-loader/noop-maps-api-loader","export":["NoOpMapsAPILoader"]}]}]