[{"__symbolic":"module","version":3,"metadata":{"WindowRef":{"__symbolic":"class","members":{"getNativeWindow":[{"__symbolic":"method"}]}},"DocumentRef":{"__symbolic":"class","members":{"getNativeDocument":[{"__symbolic":"method"}]}},"BROWSER_GLOBALS_PROVIDERS":[{"__symbolic":"reference","name":"WindowRef"},{"__symbolic":"reference","name":"DocumentRef"}]}},{"__symbolic":"module","version":1,"metadata":{"WindowRef":{"__symbolic":"class","members":{"getNativeWindow":[{"__symbolic":"method"}]}},"DocumentRef":{"__symbolic":"class","members":{"getNativeDocument":[{"__symbolic":"method"}]}},"BROWSER_GLOBALS_PROVIDERS":[{"__symbolic":"reference","name":"WindowRef"},{"__symbolic":"reference","name":"DocumentRef"}]}}]