[{"__symbolic":"module","version":3,"metadata":{"CircleManager":{"__symbolic":"class","decorators":[{"__symbolic":"call","expression":{"__symbolic":"reference","module":"@angular/core","name":"Injectable"}}],"members":{"__ctor__":[{"__symbolic":"constructor","parameters":[{"__symbolic":"reference","module":"../google-maps-api-wrapper","name":"GoogleMapsAPIWrapper"},{"__symbolic":"reference","module":"@angular/core","name":"NgZone"}]}],"addCircle":[{"__symbolic":"method"}],"removeCircle":[{"__symbolic":"method"}],"setOptions":[{"__symbolic":"method"}],"getBounds":[{"__symbolic":"method"}],"getCenter":[{"__symbolic":"method"}],"getRadius":[{"__symbolic":"method"}],"setCenter":[{"__symbolic":"method"}],"setEditable":[{"__symbolic":"method"}],"setDraggable":[{"__symbolic":"method"}],"setVisible":[{"__symbolic":"method"}],"setRadius":[{"__symbolic":"method"}],"createEventObservable":[{"__symbolic":"method"}]}}}},{"__symbolic":"module","version":1,"metadata":{"CircleManager":{"__symbolic":"class","decorators":[{"__symbolic":"call","expression":{"__symbolic":"reference","module":"@angular/core","name":"Injectable"}}],"members":{"__ctor__":[{"__symbolic":"constructor","parameters":[{"__symbolic":"reference","module":"../google-maps-api-wrapper","name":"GoogleMapsAPIWrapper"},{"__symbolic":"reference","module":"@angular/core","name":"NgZone"}]}],"addCircle":[{"__symbolic":"method"}],"removeCircle":[{"__symbolic":"method"}],"setOptions":[{"__symbolic":"method"}],"getBounds":[{"__symbolic":"method"}],"getCenter":[{"__symbolic":"method"}],"getRadius":[{"__symbolic":"method"}],"setCenter":[{"__symbolic":"method"}],"setEditable":[{"__symbolic":"method"}],"setDraggable":[{"__symbolic":"method"}],"setVisible":[{"__symbolic":"method"}],"setRadius":[{"__symbolic":"method"}],"createEventObservable":[{"__symbolic":"method"}]}}}}]