[{"__symbolic":"module","version":3,"metadata":{"InfoWindowManager":{"__symbolic":"class","decorators":[{"__symbolic":"call","expression":{"__symbolic":"reference","module":"@angular/core","name":"Injectable"}}],"members":{"__ctor__":[{"__symbolic":"constructor","parameters":[{"__symbolic":"reference","module":"../google-maps-api-wrapper","name":"GoogleMapsAPIWrapper"},{"__symbolic":"reference","module":"@angular/core","name":"NgZone"},{"__symbolic":"reference","module":"./marker-manager","name":"MarkerManager"}]}],"deleteInfoWindow":[{"__symbolic":"method"}],"setPosition":[{"__symbolic":"method"}],"setZIndex":[{"__symbolic":"method"}],"open":[{"__symbolic":"method"}],"close":[{"__symbolic":"method"}],"setOptions":[{"__symbolic":"method"}],"addInfoWindow":[{"__symbolic":"method"}],"createEventObservable":[{"__symbolic":"method"}]}}}},{"__symbolic":"module","version":1,"metadata":{"InfoWindowManager":{"__symbolic":"class","decorators":[{"__symbolic":"call","expression":{"__symbolic":"reference","module":"@angular/core","name":"Injectable"}}],"members":{"__ctor__":[{"__symbolic":"constructor","parameters":[{"__symbolic":"reference","module":"../google-maps-api-wrapper","name":"GoogleMapsAPIWrapper"},{"__symbolic":"reference","module":"@angular/core","name":"NgZone"},{"__symbolic":"reference","module":"./marker-manager","name":"MarkerManager"}]}],"deleteInfoWindow":[{"__symbolic":"method"}],"setPosition":[{"__symbolic":"method"}],"setZIndex":[{"__symbolic":"method"}],"open":[{"__symbolic":"method"}],"close":[{"__symbolic":"method"}],"setOptions":[{"__symbolic":"method"}],"addInfoWindow":[{"__symbolic":"method"}],"createEventObservable":[{"__symbolic":"method"}]}}}}]