[{"__symbolic":"module","version":3,"metadata":{"KmlLayerManager":{"__symbolic":"class","decorators":[{"__symbolic":"call","expression":{"__symbolic":"reference","module":"@angular/core","name":"Injectable"}}],"members":{"__ctor__":[{"__symbolic":"constructor","parameters":[{"__symbolic":"reference","module":"./../google-maps-api-wrapper","name":"GoogleMapsAPIWrapper"},{"__symbolic":"reference","module":"@angular/core","name":"NgZone"}]}],"addKmlLayer":[{"__symbolic":"method"}],"setOptions":[{"__symbolic":"method"}],"deleteKmlLayer":[{"__symbolic":"method"}],"createEventObservable":[{"__symbolic":"method"}]}}}},{"__symbolic":"module","version":1,"metadata":{"KmlLayerManager":{"__symbolic":"class","decorators":[{"__symbolic":"call","expression":{"__symbolic":"reference","module":"@angular/core","name":"Injectable"}}],"members":{"__ctor__":[{"__symbolic":"constructor","parameters":[{"__symbolic":"reference","module":"./../google-maps-api-wrapper","name":"GoogleMapsAPIWrapper"},{"__symbolic":"reference","module":"@angular/core","name":"NgZone"}]}],"addKmlLayer":[{"__symbolic":"method"}],"setOptions":[{"__symbolic":"method"}],"deleteKmlLayer":[{"__symbolic":"method"}],"createEventObservable":[{"__symbolic":"method"}]}}}}]