[{"__symbolic":"module","version":3,"metadata":{"MarkerManager":{"__symbolic":"class","decorators":[{"__symbolic":"call","expression":{"__symbolic":"reference","module":"@angular/core","name":"Injectable"}}],"members":{"__ctor__":[{"__symbolic":"constructor","parameters":[{"__symbolic":"reference","module":"./../google-maps-api-wrapper","name":"GoogleMapsAPIWrapper"},{"__symbolic":"reference","module":"@angular/core","name":"NgZone"}]}],"deleteMarker":[{"__symbolic":"method"}],"updateMarkerPosition":[{"__symbolic":"method"}],"updateTitle":[{"__symbolic":"method"}],"updateLabel":[{"__symbolic":"method"}],"updateDraggable":[{"__symbolic":"method"}],"updateIcon":[{"__symbolic":"method"}],"updateOpacity":[{"__symbolic":"method"}],"updateVisible":[{"__symbolic":"method"}],"updateZIndex":[{"__symbolic":"method"}],"addMarker":[{"__symbolic":"method"}],"getNativeMarker":[{"__symbolic":"method"}],"createEventObservable":[{"__symbolic":"method"}]}}}},{"__symbolic":"module","version":1,"metadata":{"MarkerManager":{"__symbolic":"class","decorators":[{"__symbolic":"call","expression":{"__symbolic":"reference","module":"@angular/core","name":"Injectable"}}],"members":{"__ctor__":[{"__symbolic":"constructor","parameters":[{"__symbolic":"reference","module":"./../google-maps-api-wrapper","name":"GoogleMapsAPIWrapper"},{"__symbolic":"reference","module":"@angular/core","name":"NgZone"}]}],"deleteMarker":[{"__symbolic":"method"}],"updateMarkerPosition":[{"__symbolic":"method"}],"updateTitle":[{"__symbolic":"method"}],"updateLabel":[{"__symbolic":"method"}],"updateDraggable":[{"__symbolic":"method"}],"updateIcon":[{"__symbolic":"method"}],"updateOpacity":[{"__symbolic":"method"}],"updateVisible":[{"__symbolic":"method"}],"updateZIndex":[{"__symbolic":"method"}],"addMarker":[{"__symbolic":"method"}],"getNativeMarker":[{"__symbolic":"method"}],"createEventObservable":[{"__symbolic":"method"}]}}}}]