[{"__symbolic":"module","version":3,"metadata":{"PolylineManager":{"__symbolic":"class","decorators":[{"__symbolic":"call","expression":{"__symbolic":"reference","module":"@angular/core","name":"Injectable"}}],"members":{"__ctor__":[{"__symbolic":"constructor","parameters":[{"__symbolic":"reference","module":"../google-maps-api-wrapper","name":"GoogleMapsAPIWrapper"},{"__symbolic":"reference","module":"@angular/core","name":"NgZone"}]}],"addPolyline":[{"__symbolic":"method"}],"updatePolylinePoints":[{"__symbolic":"method"}],"setPolylineOptions":[{"__symbolic":"method"}],"deletePolyline":[{"__symbolic":"method"}],"createEventObservable":[{"__symbolic":"method"}]}}}},{"__symbolic":"module","version":1,"metadata":{"PolylineManager":{"__symbolic":"class","decorators":[{"__symbolic":"call","expression":{"__symbolic":"reference","module":"@angular/core","name":"Injectable"}}],"members":{"__ctor__":[{"__symbolic":"constructor","parameters":[{"__symbolic":"reference","module":"../google-maps-api-wrapper","name":"GoogleMapsAPIWrapper"},{"__symbolic":"reference","module":"@angular/core","name":"NgZone"}]}],"addPolyline":[{"__symbolic":"method"}],"updatePolylinePoints":[{"__symbolic":"method"}],"setPolylineOptions":[{"__symbolic":"method"}],"deletePolyline":[{"__symbolic":"method"}],"createEventObservable":[{"__symbolic":"method"}]}}}}]