[{"__symbolic":"module","version":3,"metadata":{"PolygonManager":{"__symbolic":"class","decorators":[{"__symbolic":"call","expression":{"__symbolic":"reference","module":"@angular/core","name":"Injectable"}}],"members":{"__ctor__":[{"__symbolic":"constructor","parameters":[{"__symbolic":"reference","module":"../google-maps-api-wrapper","name":"GoogleMapsAPIWrapper"},{"__symbolic":"reference","module":"@angular/core","name":"NgZone"}]}],"addPolygon":[{"__symbolic":"method"}],"updatePolygon":[{"__symbolic":"method"}],"setPolygonOptions":[{"__symbolic":"method"}],"deletePolygon":[{"__symbolic":"method"}],"createEventObservable":[{"__symbolic":"method"}]}}}},{"__symbolic":"module","version":1,"metadata":{"PolygonManager":{"__symbolic":"class","decorators":[{"__symbolic":"call","expression":{"__symbolic":"reference","module":"@angular/core","name":"Injectable"}}],"members":{"__ctor__":[{"__symbolic":"constructor","parameters":[{"__symbolic":"reference","module":"../google-maps-api-wrapper","name":"GoogleMapsAPIWrapper"},{"__symbolic":"reference","module":"@angular/core","name":"NgZone"}]}],"addPolygon":[{"__symbolic":"method"}],"updatePolygon":[{"__symbolic":"method"}],"setPolygonOptions":[{"__symbolic":"method"}],"deletePolygon":[{"__symbolic":"method"}],"createEventObservable":[{"__symbolic":"method"}]}}}}]