[{"__symbolic":"module","version":3,"metadata":{"google":{"__symbolic":"error","message":"Variable not initialized","line":0,"character":11},"GoogleMap":{"__symbolic":"interface"},"LatLng":{"__symbolic":"interface"},"Marker":{"__symbolic":"interface"},"MarkerOptions":{"__symbolic":"interface"},"MarkerLabel":{"__symbolic":"interface"},"Circle":{"__symbolic":"interface"},"CircleOptions":{"__symbolic":"interface"},"LatLngBounds":{"__symbolic":"interface"},"LatLngBoundsLiteral":{"__symbolic":"interface"},"LatLngLiteral":{"__symbolic":"interface"},"MouseEvent":{"__symbolic":"interface"},"MapOptions":{"__symbolic":"interface"},"MapTypeStyle":{"__symbolic":"interface"},"MapTypeStyler":{"__symbolic":"interface"},"InfoWindow":{"__symbolic":"interface"},"MVCObject":{"__symbolic":"interface"},"MapsEventListener":{"__symbolic":"interface"},"Size":{"__symbolic":"interface"},"InfoWindowOptions":{"__symbolic":"interface"},"Point":{"__symbolic":"interface"},"GoogleSymbol":{"__symbolic":"interface"},"IconSequence":{"__symbolic":"interface"},"PolylineOptions":{"__symbolic":"interface"},"Polyline":{"__symbolic":"interface"},"PolyMouseEvent":{"__symbolic":"interface"},"PolygonOptions":{"__symbolic":"interface"},"Polygon":{"__symbolic":"interface"},"KmlLayer":{"__symbolic":"interface"},"KmlLayerMetadata":{"__symbolic":"interface"},"KmlAuthor":{"__symbolic":"interface"},"KmlLayerOptions":{"__symbolic":"interface"},"KmlFeatureData":{"__symbolic":"interface"},"KmlMouseEvent":{"__symbolic":"interface"},"Data":{"__symbolic":"interface"},"Feature":{"__symbolic":"interface"},"DataOptions":{"__symbolic":"interface"},"DataMouseEvent":{"__symbolic":"interface"},"GeoJsonOptions":{"__symbolic":"interface"},"Geometry":{"__symbolic":"interface"},"ControlPosition":{"BOTTOM_CENTER":0,"BOTTOM_LEFT":1,"BOTTOM_RIGHT":2,"LEFT_BOTTOM":3,"LEFT_CENTER":4,"LEFT_TOP":5,"RIGHT_BOTTOM":6,"RIGHT_CENTER":7,"RIGHT_TOP":8,"TOP_CENTER":9,"TOP_LEFT":10,"TOP_RIGHT":11},"MapTypeId":{"HYBRID":0,"ROADMAP":1,"SATELLITE":2,"TERRAIN":3},"MapTypeControlOptions":{"__symbolic":"interface"},"MapTypeControlStyle":{"DEFAULT":0,"DROPDOWN_MENU":1,"HORIZONTAL_BAR":2},"OverviewMapControlOptions":{"__symbolic":"interface"},"PanControlOptions":{"__symbolic":"interface"},"RotateControlOptions":{"__symbolic":"interface"},"ScaleControlOptions":{"__symbolic":"interface"},"ScaleControlStyle":{"DEFAULT":0},"StreetViewControlOptions":{"__symbolic":"interface"},"ZoomControlOptions":{"__symbolic":"interface"},"ZoomControlStyle":{"DEFAULT":0,"LARGE":1,"SMALL":2},"FullscreenControlOptions":{"__symbolic":"interface"}}},{"__symbolic":"module","version":1,"metadata":{"google":{"__symbolic":"error","message":"Variable not initialized","line":0,"character":11},"GoogleMap":{"__symbolic":"interface"},"LatLng":{"__symbolic":"interface"},"Marker":{"__symbolic":"interface"},"MarkerOptions":{"__symbolic":"interface"},"MarkerLabel":{"__symbolic":"interface"},"Circle":{"__symbolic":"interface"},"CircleOptions":{"__symbolic":"interface"},"LatLngBounds":{"__symbolic":"interface"},"LatLngBoundsLiteral":{"__symbolic":"interface"},"LatLngLiteral":{"__symbolic":"interface"},"MouseEvent":{"__symbolic":"interface"},"MapOptions":{"__symbolic":"interface"},"MapTypeStyle":{"__symbolic":"interface"},"MapTypeStyler":{"__symbolic":"interface"},"InfoWindow":{"__symbolic":"interface"},"MVCObject":{"__symbolic":"interface"},"MapsEventListener":{"__symbolic":"interface"},"Size":{"__symbolic":"interface"},"InfoWindowOptions":{"__symbolic":"interface"},"Point":{"__symbolic":"interface"},"GoogleSymbol":{"__symbolic":"interface"},"IconSequence":{"__symbolic":"interface"},"PolylineOptions":{"__symbolic":"interface"},"Polyline":{"__symbolic":"interface"},"PolyMouseEvent":{"__symbolic":"interface"},"PolygonOptions":{"__symbolic":"interface"},"Polygon":{"__symbolic":"interface"},"KmlLayer":{"__symbolic":"interface"},"KmlLayerMetadata":{"__symbolic":"interface"},"KmlAuthor":{"__symbolic":"interface"},"KmlLayerOptions":{"__symbolic":"interface"},"KmlFeatureData":{"__symbolic":"interface"},"KmlMouseEvent":{"__symbolic":"interface"},"Data":{"__symbolic":"interface"},"Feature":{"__symbolic":"interface"},"DataOptions":{"__symbolic":"interface"},"DataMouseEvent":{"__symbolic":"interface"},"GeoJsonOptions":{"__symbolic":"interface"},"Geometry":{"__symbolic":"interface"},"ControlPosition":{"BOTTOM_CENTER":0,"BOTTOM_LEFT":1,"BOTTOM_RIGHT":2,"LEFT_BOTTOM":3,"LEFT_CENTER":4,"LEFT_TOP":5,"RIGHT_BOTTOM":6,"RIGHT_CENTER":7,"RIGHT_TOP":8,"TOP_CENTER":9,"TOP_LEFT":10,"TOP_RIGHT":11},"MapTypeId":{"HYBRID":0,"ROADMAP":1,"SATELLITE":2,"TERRAIN":3},"MapTypeControlOptions":{"__symbolic":"interface"},"MapTypeControlStyle":{"DEFAULT":0,"DROPDOWN_MENU":1,"HORIZONTAL_BAR":2},"OverviewMapControlOptions":{"__symbolic":"interface"},"PanControlOptions":{"__symbolic":"interface"},"RotateControlOptions":{"__symbolic":"interface"},"ScaleControlOptions":{"__symbolic":"interface"},"ScaleControlStyle":{"DEFAULT":0},"StreetViewControlOptions":{"__symbolic":"interface"},"ZoomControlOptions":{"__symbolic":"interface"},"ZoomControlStyle":{"DEFAULT":0,"LARGE":1,"SMALL":2},"FullscreenControlOptions":{"__symbolic":"interface"}}}]