[{"__symbolic":"module","version":3,"metadata":{"GoogleMapsAPIWrapper":{"__symbolic":"class","decorators":[{"__symbolic":"call","expression":{"__symbolic":"reference","module":"@angular/core","name":"Injectable"}}],"members":{"__ctor__":[{"__symbolic":"constructor","parameters":[{"__symbolic":"reference","module":"./maps-api-loader/maps-api-loader","name":"MapsAPILoader"},{"__symbolic":"reference","module":"@angular/core","name":"NgZone"}]}],"createMap":[{"__symbolic":"method"}],"setMapOptions":[{"__symbolic":"method"}],"createMarker":[{"__symbolic":"method"}],"createInfoWindow":[{"__symbolic":"method"}],"createCircle":[{"__symbolic":"method"}],"createPolyline":[{"__symbolic":"method"}],"createPolygon":[{"__symbolic":"method"}],"containsLocation":[{"__symbolic":"method"}],"subscribeToMapEvent":[{"__symbolic":"method"}],"setCenter":[{"__symbolic":"method"}],"getZoom":[{"__symbolic":"method"}],"getBounds":[{"__symbolic":"method"}],"setZoom":[{"__symbolic":"method"}],"getCenter":[{"__symbolic":"method"}],"panTo":[{"__symbolic":"method"}],"fitBounds":[{"__symbolic":"method"}],"panToBounds":[{"__symbolic":"method"}],"getNativeMap":[{"__symbolic":"method"}],"triggerMapEvent":[{"__symbolic":"method"}]}}}},{"__symbolic":"module","version":1,"metadata":{"GoogleMapsAPIWrapper":{"__symbolic":"class","decorators":[{"__symbolic":"call","expression":{"__symbolic":"reference","module":"@angular/core","name":"Injectable"}}],"members":{"__ctor__":[{"__symbolic":"constructor","parameters":[{"__symbolic":"reference","module":"./maps-api-loader/maps-api-loader","name":"MapsAPILoader"},{"__symbolic":"reference","module":"@angular/core","name":"NgZone"}]}],"createMap":[{"__symbolic":"method"}],"setMapOptions":[{"__symbolic":"method"}],"createMarker":[{"__symbolic":"method"}],"createInfoWindow":[{"__symbolic":"method"}],"createCircle":[{"__symbolic":"method"}],"createPolyline":[{"__symbolic":"method"}],"createPolygon":[{"__symbolic":"method"}],"containsLocation":[{"__symbolic":"method"}],"subscribeToMapEvent":[{"__symbolic":"method"}],"setCenter":[{"__symbolic":"method"}],"getZoom":[{"__symbolic":"method"}],"getBounds":[{"__symbolic":"method"}],"setZoom":[{"__symbolic":"method"}],"getCenter":[{"__symbolic":"method"}],"panTo":[{"__symbolic":"method"}],"fitBounds":[{"__symbolic":"method"}],"panToBounds":[{"__symbolic":"method"}],"getNativeMap":[{"__symbolic":"method"}],"triggerMapEvent":[{"__symbolic":"method"}]}}}}]