[{"__symbolic":"module","version":3,"metadata":{"AgmCircle":{"__symbolic":"class","decorators":[{"__symbolic":"call","expression":{"__symbolic":"reference","module":"@angular/core","name":"Directive"},"arguments":[{"selector":"agm-circle","inputs":["latitude","longitude","clickable","draggable: circleDraggable","editable","fillColor","fillOpacity","radius","strokeColor","strokeOpacity","strokePosition","strokeWeight","visible","zIndex"],"outputs":["centerChange","circleClick","circleDblClick","drag","dragEnd","dragStart","mouseDown","mouseMove","mouseOut","mouseOver","mouseUp","radiusChange","rightClick"]}]}],"members":{"__ctor__":[{"__symbolic":"constructor","parameters":[{"__symbolic":"reference","module":"../services/managers/circle-manager","name":"CircleManager"}]}],"ngOnInit":[{"__symbolic":"method"}],"ngOnChanges":[{"__symbolic":"method"}],"_updateCircleOptionsChanges":[{"__symbolic":"method"}],"_registerEventListeners":[{"__symbolic":"method"}],"ngOnDestroy":[{"__symbolic":"method"}],"getBounds":[{"__symbolic":"method"}],"getCenter":[{"__symbolic":"method"}]},"statics":{"_mapOptions":["fillColor","fillOpacity","strokeColor","strokeOpacity","strokePosition","strokeWeight","visible","zIndex"]}}}},{"__symbolic":"module","version":1,"metadata":{"AgmCircle":{"__symbolic":"class","decorators":[{"__symbolic":"call","expression":{"__symbolic":"reference","module":"@angular/core","name":"Directive"},"arguments":[{"selector":"agm-circle","inputs":["latitude","longitude","clickable","draggable: circleDraggable","editable","fillColor","fillOpacity","radius","strokeColor","strokeOpacity","strokePosition","strokeWeight","visible","zIndex"],"outputs":["centerChange","circleClick","circleDblClick","drag","dragEnd","dragStart","mouseDown","mouseMove","mouseOut","mouseOver","mouseUp","radiusChange","rightClick"]}]}],"members":{"__ctor__":[{"__symbolic":"constructor","parameters":[{"__symbolic":"reference","module":"../services/managers/circle-manager","name":"CircleManager"}]}],"ngOnInit":[{"__symbolic":"method"}],"ngOnChanges":[{"__symbolic":"method"}],"_updateCircleOptionsChanges":[{"__symbolic":"method"}],"_registerEventListeners":[{"__symbolic":"method"}],"ngOnDestroy":[{"__symbolic":"method"}],"getBounds":[{"__symbolic":"method"}],"getCenter":[{"__symbolic":"method"}]},"statics":{"_mapOptions":["fillColor","fillOpacity","strokeColor","strokeOpacity","strokePosition","strokeWeight","visible","zIndex"]}}}}]