[{"__symbolic":"module","version":3,"metadata":{"AgmDataLayer":{"__symbolic":"class","decorators":[{"__symbolic":"call","expression":{"__symbolic":"reference","module":"@angular/core","name":"Directive"},"arguments":[{"selector":"agm-data-layer","inputs":["geoJson","style"],"outputs":["layerClick"]}]}],"members":{"__ctor__":[{"__symbolic":"constructor","parameters":[{"__symbolic":"reference","module":"./../services/managers/data-layer-manager","name":"DataLayerManager"}]}],"ngOnInit":[{"__symbolic":"method"}],"_addEventListeners":[{"__symbolic":"method"}],"id":[{"__symbolic":"method"}],"toString":[{"__symbolic":"method"}],"ngOnDestroy":[{"__symbolic":"method"}],"ngOnChanges":[{"__symbolic":"method"}]},"statics":{"_dataOptionsAttributes":["style"]}}}},{"__symbolic":"module","version":1,"metadata":{"AgmDataLayer":{"__symbolic":"class","decorators":[{"__symbolic":"call","expression":{"__symbolic":"reference","module":"@angular/core","name":"Directive"},"arguments":[{"selector":"agm-data-layer","inputs":["geoJson","style"],"outputs":["layerClick"]}]}],"members":{"__ctor__":[{"__symbolic":"constructor","parameters":[{"__symbolic":"reference","module":"./../services/managers/data-layer-manager","name":"DataLayerManager"}]}],"ngOnInit":[{"__symbolic":"method"}],"_addEventListeners":[{"__symbolic":"method"}],"id":[{"__symbolic":"method"}],"toString":[{"__symbolic":"method"}],"ngOnDestroy":[{"__symbolic":"method"}],"ngOnChanges":[{"__symbolic":"method"}]},"statics":{"_dataOptionsAttributes":["style"]}}}}]