[{"__symbolic":"module","version":3,"metadata":{"AgmInfoWindow":{"__symbolic":"class","decorators":[{"__symbolic":"call","expression":{"__symbolic":"reference","module":"@angular/core","name":"Component"},"arguments":[{"selector":"agm-info-window","inputs":["latitude","longitude","disableAutoPan","isOpen","zIndex","maxWidth"],"outputs":["infoWindowClose"],"template":"<div class='agm-info-window-content'>\n      <ng-content></ng-content>\n    </div>\n  "}]}],"members":{"__ctor__":[{"__symbolic":"constructor","parameters":[{"__symbolic":"reference","module":"../services/managers/info-window-manager","name":"InfoWindowManager"},{"__symbolic":"reference","module":"@angular/core","name":"ElementRef"}]}],"ngOnInit":[{"__symbolic":"method"}],"ngOnChanges":[{"__symbolic":"method"}],"_registerEventListeners":[{"__symbolic":"method"}],"_updateOpenState":[{"__symbolic":"method"}],"_setInfoWindowOptions":[{"__symbolic":"method"}],"open":[{"__symbolic":"method"}],"close":[{"__symbolic":"method"}],"id":[{"__symbolic":"method"}],"toString":[{"__symbolic":"method"}],"ngOnDestroy":[{"__symbolic":"method"}]},"statics":{"_infoWindowOptionsInputs":["disableAutoPan","maxWidth"]}}}},{"__symbolic":"module","version":1,"metadata":{"AgmInfoWindow":{"__symbolic":"class","decorators":[{"__symbolic":"call","expression":{"__symbolic":"reference","module":"@angular/core","name":"Component"},"arguments":[{"selector":"agm-info-window","inputs":["latitude","longitude","disableAutoPan","isOpen","zIndex","maxWidth"],"outputs":["infoWindowClose"],"template":"<div class='agm-info-window-content'>\n      <ng-content></ng-content>\n    </div>\n  "}]}],"members":{"__ctor__":[{"__symbolic":"constructor","parameters":[{"__symbolic":"reference","module":"../services/managers/info-window-manager","name":"InfoWindowManager"},{"__symbolic":"reference","module":"@angular/core","name":"ElementRef"}]}],"ngOnInit":[{"__symbolic":"method"}],"ngOnChanges":[{"__symbolic":"method"}],"_registerEventListeners":[{"__symbolic":"method"}],"_updateOpenState":[{"__symbolic":"method"}],"_setInfoWindowOptions":[{"__symbolic":"method"}],"open":[{"__symbolic":"method"}],"close":[{"__symbolic":"method"}],"id":[{"__symbolic":"method"}],"toString":[{"__symbolic":"method"}],"ngOnDestroy":[{"__symbolic":"method"}]},"statics":{"_infoWindowOptionsInputs":["disableAutoPan","maxWidth"]}}}}]