[{"__symbolic":"module","version":3,"metadata":{"AgmKmlLayer":{"__symbolic":"class","decorators":[{"__symbolic":"call","expression":{"__symbolic":"reference","module":"@angular/core","name":"Directive"},"arguments":[{"selector":"agm-kml-layer","inputs":["clickable","preserveViewport","screenOverlays","suppressInfoWindows","url","zIndex"],"outputs":["layerClick","defaultViewportChange","statusChange"]}]}],"members":{"__ctor__":[{"__symbolic":"constructor","parameters":[{"__symbolic":"reference","module":"./../services/managers/kml-layer-manager","name":"KmlLayerManager"}]}],"ngOnInit":[{"__symbolic":"method"}],"ngOnChanges":[{"__symbolic":"method"}],"_updatePolygonOptions":[{"__symbolic":"method"}],"_addEventListeners":[{"__symbolic":"method"}],"id":[{"__symbolic":"method"}],"toString":[{"__symbolic":"method"}],"ngOnDestroy":[{"__symbolic":"method"}]},"statics":{"_kmlLayerOptions":["clickable","preserveViewport","screenOverlays","suppressInfoWindows","url","zIndex"]}}}},{"__symbolic":"module","version":1,"metadata":{"AgmKmlLayer":{"__symbolic":"class","decorators":[{"__symbolic":"call","expression":{"__symbolic":"reference","module":"@angular/core","name":"Directive"},"arguments":[{"selector":"agm-kml-layer","inputs":["clickable","preserveViewport","screenOverlays","suppressInfoWindows","url","zIndex"],"outputs":["layerClick","defaultViewportChange","statusChange"]}]}],"members":{"__ctor__":[{"__symbolic":"constructor","parameters":[{"__symbolic":"reference","module":"./../services/managers/kml-layer-manager","name":"KmlLayerManager"}]}],"ngOnInit":[{"__symbolic":"method"}],"ngOnChanges":[{"__symbolic":"method"}],"_updatePolygonOptions":[{"__symbolic":"method"}],"_addEventListeners":[{"__symbolic":"method"}],"id":[{"__symbolic":"method"}],"toString":[{"__symbolic":"method"}],"ngOnDestroy":[{"__symbolic":"method"}]},"statics":{"_kmlLayerOptions":["clickable","preserveViewport","screenOverlays","suppressInfoWindows","url","zIndex"]}}}}]