[{"__symbolic":"module","version":3,"metadata":{"AgmMarker":{"__symbolic":"class","decorators":[{"__symbolic":"call","expression":{"__symbolic":"reference","module":"@angular/core","name":"Directive"},"arguments":[{"selector":"agm-marker","inputs":["latitude","longitude","title","label","draggable: markerDraggable","iconUrl","openInfoWindow","opacity","visible","zIndex"],"outputs":["markerClick","dragEnd","mouseOver","mouseOut"]}]}],"members":{"infoWindow":[{"__symbolic":"property","decorators":[{"__symbolic":"call","expression":{"__symbolic":"reference","module":"@angular/core","name":"ContentChildren"},"arguments":[{"__symbolic":"reference","module":"./info-window","name":"AgmInfoWindow"}]}]}],"__ctor__":[{"__symbolic":"constructor","parameters":[{"__symbolic":"reference","module":"../services/managers/marker-manager","name":"MarkerManager"}]}],"ngAfterContentInit":[{"__symbolic":"method"}],"handleInfoWindowUpdate":[{"__symbolic":"method"}],"ngOnChanges":[{"__symbolic":"method"}],"_addEventListeners":[{"__symbolic":"method"}],"id":[{"__symbolic":"method"}],"toString":[{"__symbolic":"method"}],"ngOnDestroy":[{"__symbolic":"method"}]}}}},{"__symbolic":"module","version":1,"metadata":{"AgmMarker":{"__symbolic":"class","decorators":[{"__symbolic":"call","expression":{"__symbolic":"reference","module":"@angular/core","name":"Directive"},"arguments":[{"selector":"agm-marker","inputs":["latitude","longitude","title","label","draggable: markerDraggable","iconUrl","openInfoWindow","opacity","visible","zIndex"],"outputs":["markerClick","dragEnd","mouseOver","mouseOut"]}]}],"members":{"infoWindow":[{"__symbolic":"property","decorators":[{"__symbolic":"call","expression":{"__symbolic":"reference","module":"@angular/core","name":"ContentChildren"},"arguments":[{"__symbolic":"reference","module":"./info-window","name":"AgmInfoWindow"}]}]}],"__ctor__":[{"__symbolic":"constructor","parameters":[{"__symbolic":"reference","module":"../services/managers/marker-manager","name":"MarkerManager"}]}],"ngAfterContentInit":[{"__symbolic":"method"}],"handleInfoWindowUpdate":[{"__symbolic":"method"}],"ngOnChanges":[{"__symbolic":"method"}],"_addEventListeners":[{"__symbolic":"method"}],"id":[{"__symbolic":"method"}],"toString":[{"__symbolic":"method"}],"ngOnDestroy":[{"__symbolic":"method"}]}}}}]