[{"__symbolic":"module","version":3,"metadata":{"AgmPolyline":{"__symbolic":"class","decorators":[{"__symbolic":"call","expression":{"__symbolic":"reference","module":"@angular/core","name":"Directive"},"arguments":[{"selector":"agm-polyline","inputs":["clickable","draggable: polylineDraggable","editable","geodesic","strokeColor","strokeWeight","strokeOpacity","visible","zIndex"],"outputs":["lineClick","lineDblClick","lineDrag","lineDragEnd","lineMouseDown","lineMouseMove","lineMouseOut","lineMouseOver","lineMouseUp","lineRightClick"]}]}],"members":{"points":[{"__symbolic":"property","decorators":[{"__symbolic":"call","expression":{"__symbolic":"reference","module":"@angular/core","name":"ContentChildren"},"arguments":[{"__symbolic":"reference","module":"./polyline-point","name":"AgmPolylinePoint"}]}]}],"__ctor__":[{"__symbolic":"constructor","parameters":[{"__symbolic":"reference","module":"../services/managers/polyline-manager","name":"PolylineManager"}]}],"ngAfterContentInit":[{"__symbolic":"method"}],"ngOnChanges":[{"__symbolic":"method"}],"_init":[{"__symbolic":"method"}],"_addEventListeners":[{"__symbolic":"method"}],"_getPoints":[{"__symbolic":"method"}],"id":[{"__symbolic":"method"}],"ngOnDestroy":[{"__symbolic":"method"}]},"statics":{"_polylineOptionsAttributes":["draggable","editable","visible","geodesic","strokeColor","strokeOpacity","strokeWeight","zIndex"]}}}},{"__symbolic":"module","version":1,"metadata":{"AgmPolyline":{"__symbolic":"class","decorators":[{"__symbolic":"call","expression":{"__symbolic":"reference","module":"@angular/core","name":"Directive"},"arguments":[{"selector":"agm-polyline","inputs":["clickable","draggable: polylineDraggable","editable","geodesic","strokeColor","strokeWeight","strokeOpacity","visible","zIndex"],"outputs":["lineClick","lineDblClick","lineDrag","lineDragEnd","lineMouseDown","lineMouseMove","lineMouseOut","lineMouseOver","lineMouseUp","lineRightClick"]}]}],"members":{"points":[{"__symbolic":"property","decorators":[{"__symbolic":"call","expression":{"__symbolic":"reference","module":"@angular/core","name":"ContentChildren"},"arguments":[{"__symbolic":"reference","module":"./polyline-point","name":"AgmPolylinePoint"}]}]}],"__ctor__":[{"__symbolic":"constructor","parameters":[{"__symbolic":"reference","module":"../services/managers/polyline-manager","name":"PolylineManager"}]}],"ngAfterContentInit":[{"__symbolic":"method"}],"ngOnChanges":[{"__symbolic":"method"}],"_init":[{"__symbolic":"method"}],"_addEventListeners":[{"__symbolic":"method"}],"_getPoints":[{"__symbolic":"method"}],"id":[{"__symbolic":"method"}],"ngOnDestroy":[{"__symbolic":"method"}]},"statics":{"_polylineOptionsAttributes":["draggable","editable","visible","geodesic","strokeColor","strokeOpacity","strokeWeight","zIndex"]}}}}]