[{"__symbolic":"module","version":3,"metadata":{"AgmPolygon":{"__symbolic":"class","decorators":[{"__symbolic":"call","expression":{"__symbolic":"reference","module":"@angular/core","name":"Directive"},"arguments":[{"selector":"agm-polygon","inputs":["clickable","draggable: polyDraggable","editable","fillColor","fillOpacity","geodesic","paths","strokeColor","strokeOpacity","strokeWeight","visible","zIndex"],"outputs":["polyClick","polyDblClick","polyDrag","polyDragEnd","polyMouseDown","polyMouseMove","polyMouseOut","polyMouseOver","polyMouseUp","polyRightClick"]}]}],"members":{"__ctor__":[{"__symbolic":"constructor","parameters":[{"__symbolic":"reference","module":"../services/managers/polygon-manager","name":"PolygonManager"}]}],"ngAfterContentInit":[{"__symbolic":"method"}],"ngOnChanges":[{"__symbolic":"method"}],"_init":[{"__symbolic":"method"}],"_addEventListeners":[{"__symbolic":"method"}],"_updatePolygonOptions":[{"__symbolic":"method"}],"id":[{"__symbolic":"method"}],"ngOnDestroy":[{"__symbolic":"method"}]},"statics":{"_polygonOptionsAttributes":["clickable","draggable","editable","fillColor","fillOpacity","geodesic","icon","map","paths","strokeColor","strokeOpacity","strokeWeight","visible","zIndex","draggable","editable","visible"]}}}},{"__symbolic":"module","version":1,"metadata":{"AgmPolygon":{"__symbolic":"class","decorators":[{"__symbolic":"call","expression":{"__symbolic":"reference","module":"@angular/core","name":"Directive"},"arguments":[{"selector":"agm-polygon","inputs":["clickable","draggable: polyDraggable","editable","fillColor","fillOpacity","geodesic","paths","strokeColor","strokeOpacity","strokeWeight","visible","zIndex"],"outputs":["polyClick","polyDblClick","polyDrag","polyDragEnd","polyMouseDown","polyMouseMove","polyMouseOut","polyMouseOver","polyMouseUp","polyRightClick"]}]}],"members":{"__ctor__":[{"__symbolic":"constructor","parameters":[{"__symbolic":"reference","module":"../services/managers/polygon-manager","name":"PolygonManager"}]}],"ngAfterContentInit":[{"__symbolic":"method"}],"ngOnChanges":[{"__symbolic":"method"}],"_init":[{"__symbolic":"method"}],"_addEventListeners":[{"__symbolic":"method"}],"_updatePolygonOptions":[{"__symbolic":"method"}],"id":[{"__symbolic":"method"}],"ngOnDestroy":[{"__symbolic":"method"}]},"statics":{"_polygonOptionsAttributes":["clickable","draggable","editable","fillColor","fillOpacity","geodesic","icon","map","paths","strokeColor","strokeOpacity","strokeWeight","visible","zIndex","draggable","editable","visible"]}}}}]