[{"__symbolic":"module","version":3,"metadata":{"GoogleMapsScriptProtocol":{"HTTP":1,"HTTPS":2,"AUTO":3},"LAZY_MAPS_API_CONFIG":{"__symbolic":"new","expression":{"__symbolic":"reference","module":"@angular/core","name":"OpaqueToken"},"arguments":["angular-google-maps LAZY_MAPS_API_CONFIG"]},"LazyMapsAPILoaderConfigLiteral":{"__symbolic":"interface"},"LazyMapsAPILoader":{"__symbolic":"class","extends":{"__symbolic":"reference","module":"./maps-api-loader","name":"MapsAPILoader"},"decorators":[{"__symbolic":"call","expression":{"__symbolic":"reference","module":"@angular/core","name":"Injectable"}}],"members":{"__ctor__":[{"__symbolic":"constructor","parameterDecorators":[[{"__symbolic":"call","expression":{"__symbolic":"reference","module":"@angular/core","name":"Inject"},"arguments":[{"__symbolic":"reference","name":"LAZY_MAPS_API_CONFIG"}]}],null,null],"parameters":[{"__symbolic":"reference","name":"any"},{"__symbolic":"reference","module":"../../utils/browser-globals","name":"WindowRef"},{"__symbolic":"reference","module":"../../utils/browser-globals","name":"DocumentRef"}]}],"load":[{"__symbolic":"method"}],"_getScriptSrc":[{"__symbolic":"method"}]}}}},{"__symbolic":"module","version":1,"metadata":{"GoogleMapsScriptProtocol":{"HTTP":1,"HTTPS":2,"AUTO":3},"LAZY_MAPS_API_CONFIG":{"__symbolic":"new","expression":{"__symbolic":"reference","module":"@angular/core","name":"OpaqueToken"},"arguments":["angular-google-maps LAZY_MAPS_API_CONFIG"]},"LazyMapsAPILoaderConfigLiteral":{"__symbolic":"interface"},"LazyMapsAPILoader":{"__symbolic":"class","extends":{"__symbolic":"reference","module":"./maps-api-loader","name":"MapsAPILoader"},"decorators":[{"__symbolic":"call","expression":{"__symbolic":"reference","module":"@angular/core","name":"Injectable"}}],"members":{"__ctor__":[{"__symbolic":"constructor","parameterDecorators":[[{"__symbolic":"call","expression":{"__symbolic":"reference","module":"@angular/core","name":"Inject"},"arguments":[{"__symbolic":"reference","name":"LAZY_MAPS_API_CONFIG"}]}],null,null],"parameters":[{"__symbolic":"reference","name":"any"},{"__symbolic":"reference","module":"../../utils/browser-globals","name":"WindowRef"},{"__symbolic":"reference","module":"../../utils/browser-globals","name":"DocumentRef"}]}],"load":[{"__symbolic":"method"}],"_getScriptSrc":[{"__symbolic":"method"}]}}}}]