[{"__symbolic":"module","version":3,"metadata":{"MapsAPILoader":{"__symbolic":"class","decorators":[{"__symbolic":"call","expression":{"__symbolic":"reference","module":"@angular/core","name":"Injectable"}}],"members":{"load":[{"__symbolic":"method"}]}}}},{"__symbolic":"module","version":1,"metadata":{"MapsAPILoader":{"__symbolic":"class","decorators":[{"__symbolic":"call","expression":{"__symbolic":"reference","module":"@angular/core","name":"Injectable"}}],"members":{"load":[{"__symbolic":"method"}]}}}}]